<?xml version="1.0" encoding = "UTF-8"?>
<com.rocketsoft.nm.mep.EventCategoryData xmlns:xsi="http://www.w3.org/2001/XMLSchema-instance"
                                         xsi:noNamespaceSchemaLocation="../../../../../../schemas/com.rocketsoft.nm.mep.EventCategoryData.xsd">
  <categoryId>
    <string>fpdmgmtPendingupgrade</string>
  </categoryId>
  <description>
    <string i18nkey="fpdmgmtPendingupgrade.description">All upgrade operations have not completed and additional power-cycle operations are required before the upgraded or new FPD image will be applied to the system configuration. The message text indicates the number of pending upgrade operations that will be performed. More than one power-cycle operation might be required to complete the overall upgrade process.</string>
  </description>
  <displayName>
    <string i18nkey="fpdmgmtPendingupgrade.displayName">FPDMGMT PENDING_UPGRADE</string>
  </displayName>
  <extraData>
    <com.rocketsoft.nm.mep.FaultCategoryData>
      <clearExpression xsi:nil="true"/>
      <clearMode>
        <string>automatic</string>
      </clearMode>
      <clearNotification xsi:nil="true"/>
      <computedSpecially>
        <boolean>false</boolean>
      </computedSpecially>
      <triggerExpression xsi:nil="true"/>
      <triggerMode>
        <string>automatic</string>
      </triggerMode>
      <triggerNotification>
        <string>TcpInvalidtcb</string>
      </triggerNotification>
    </com.rocketsoft.nm.mep.FaultCategoryData>
  </extraData>
  <identityVars xsi:nil="true"/>
  <locals xsi:nil="true"/>
  <messageTemplate>
    <string i18nkey="fpdmgmtPendingupgrade.messageTemplate">${sourceName}: ${messageText}</string>
  </messageTemplate>
  <params>
    <com.rocketsoft.nm.mep.param.ParamDef-list>
      <com.rocketsoft.nm.mep.param.ParamDef>
        <constant>
          <boolean>false</boolean>
        </constant>
        <description xsi:nil="true"/>
        <displayName xsi:nil="true"/>
        <name>
          <string>advice</string>
        </name>
        <source xsi:nil="true"/>
        <template xsi:nil="true"/>
        <type xsi:nil="true"/>
        <value>
          <string>LOG_STD_NO_ACTION</string>
        </value>
      </com.rocketsoft.nm.mep.param.ParamDef>
    </com.rocketsoft.nm.mep.param.ParamDef-list>
  </params>
  <scopeRef xsi:nil="true"/>
  <summaryTemplate xsi:nil="true"/>
  <superCategoryIds>
    <string-list>
      <string>iosxe6syslog</string>
    </string-list>
  </superCategoryIds>
  <vars xsi:nil="true"/>
</com.rocketsoft.nm.mep.EventCategoryData>

    