<?xml version="1.0" encoding = "UTF-8"?>
<com.rocketsoft.nm.mep.EventCategoryData xmlns:xsi="http://www.w3.org/2001/XMLSchema-instance"
                                         xsi:noNamespaceSchemaLocation="../../../../../../schemas/com.rocketsoft.nm.mep.EventCategoryData.xsd">
  <categoryId>
    <string>spantreeRecv1qnontrunk</string>
  </categoryId>
  <description>
    <string i18nkey="spantreeRecv1qnontrunk.description">A SSTP BPDU was received on the listed interface that was not operationally a trunk.</string>
  </description>
  <displayName>
    <string i18nkey="spantreeRecv1qnontrunk.displayName">SPANTREE RECV_1Q_NON_TRUNK</string>
  </displayName>
  <extraData>
    <com.rocketsoft.nm.mep.FaultCategoryData>
      <clearExpression xsi:nil="true"/>
      <clearMode>
        <string>automatic</string>
      </clearMode>
      <clearNotification xsi:nil="true"/>
      <computedSpecially>
        <boolean>false</boolean>
      </computedSpecially>
      <triggerExpression xsi:nil="true"/>
      <triggerMode>
        <string>automatic</string>
      </triggerMode>
      <triggerNotification>
        <string>TcpInvalidtcb</string>
      </triggerNotification>
    </com.rocketsoft.nm.mep.FaultCategoryData>
  </extraData>
  <identityVars xsi:nil="true"/>
  <locals xsi:nil="true"/>
  <messageTemplate>
    <string i18nkey="spantreeRecv1qnontrunk.messageTemplate">${sourceName}: ${messageText}</string>
  </messageTemplate>
  <params>
    <com.rocketsoft.nm.mep.param.ParamDef-list>
      <com.rocketsoft.nm.mep.param.ParamDef>
        <constant>
          <boolean>false</boolean>
        </constant>
        <description xsi:nil="true"/>
        <displayName xsi:nil="true"/>
        <name>
          <string>advice</string>
        </name>
        <source xsi:nil="true"/>
        <template xsi:nil="true"/>
        <type xsi:nil="true"/>
        <value>
          <string>Verify that the configuration and operational state of the listed  interface and that of the interface to which it is connected have  the same mode access vs trunk. If mode is trunk verify the same </string>
        </value>
      </com.rocketsoft.nm.mep.param.ParamDef>
    </com.rocketsoft.nm.mep.param.ParamDef-list>
  </params>
  <scopeRef xsi:nil="true"/>
  <summaryTemplate xsi:nil="true"/>
  <superCategoryIds>
    <string-list>
      <string>iosxe7syslog</string>
    </string-list>
  </superCategoryIds>
  <vars xsi:nil="true"/>
</com.rocketsoft.nm.mep.EventCategoryData>

    