<?xml version="1.0" encoding = "UTF-8"?>

    <com.rocketsoft.nm.acquisition.syslog.SyslogDefinition xmlns:xsi="http://www.w3.org/2001/XMLSchema-instance"
                                                        xsi:noNamespaceSchemaLocation="../../../../../../schemas/com.rocketsoft.nm.acquisition.syslog.SyslogDefinition.xsd">
    <acquisitionConstants xsi:nil="true"/>
    <customFacilityName>
        <string>IPC</string>
    </customFacilityName>
    <facility>
        <int>0</int>
    </facility>
    <format>
        <com.rocketsoft.nm.acquisition.syslog.Format>cisco</com.rocketsoft.nm.acquisition.syslog.Format>
    </format>
    <ignore>
        <boolean>false</boolean>
    </ignore>
    <indexingDefinitionName xsi:nil="true"/>
    <mnemonic>
        <string>RECYCLE_HEADER_ALLOC_FAIL</string>
    </mnemonic>
    <notificationName>
        <string>ipcRecycleheaderallocfail</string>
    </notificationName>
    <regex xsi:nil="true"/>
    <severity>
        <int>7</int>
    </severity>
    <variableSpecs xsi:nil="true"/>
    </com.rocketsoft.nm.acquisition.syslog.SyslogDefinition>
    