<?xml version="1.0" encoding = "UTF-8"?>
<com.rocketsoft.nm.mep.EventCategoryData xmlns:xsi="http://www.w3.org/2001/XMLSchema-instance"
                                         xsi:noNamespaceSchemaLocation="../../../../../../schemas/com.rocketsoft.nm.mep.EventCategoryData.xsd">
  <categoryId>
    <string>aggmgrNospace</string>
  </categoryId>
  <description>
    <string i18nkey="aggmgrNospace.description">An attempt was made to add an item to an aggregation list that had just been successfully created but for some reason the add failed. This situation should never occur. If it does occur then it is the result of a program error which would be found during development and considered an internal error. There is no work around.</string>
  </description>
  <displayName>
    <string i18nkey="aggmgrNospace.displayName">AGGMGR NO_SPACE</string>
  </displayName>
  <extraData>
    <com.rocketsoft.nm.mep.FaultCategoryData>
      <clearExpression xsi:nil="true"/>
      <clearMode>
        <string>automatic</string>
      </clearMode>
      <clearNotification xsi:nil="true"/>
      <computedSpecially>
        <boolean>false</boolean>
      </computedSpecially>
      <triggerExpression xsi:nil="true"/>
      <triggerMode>
        <string>automatic</string>
      </triggerMode>
      <triggerNotification>
        <string>TcpInvalidtcb</string>
      </triggerNotification>
    </com.rocketsoft.nm.mep.FaultCategoryData>
  </extraData>
  <identityVars xsi:nil="true"/>
  <locals xsi:nil="true"/>
  <messageTemplate>
    <string i18nkey="aggmgrNospace.messageTemplate">${sourceName}: ${messageText}</string>
  </messageTemplate>
  <params>
    <com.rocketsoft.nm.mep.param.ParamDef-list>
      <com.rocketsoft.nm.mep.param.ParamDef>
        <constant>
          <boolean>false</boolean>
        </constant>
        <description xsi:nil="true"/>
        <displayName xsi:nil="true"/>
        <name>
          <string>advice</string>
        </name>
        <source xsi:nil="true"/>
        <template xsi:nil="true"/>
        <type xsi:nil="true"/>
        <value>
          <string>LOG_STD_ACTION</string>
        </value>
      </com.rocketsoft.nm.mep.param.ParamDef>
    </com.rocketsoft.nm.mep.param.ParamDef-list>
  </params>
  <scopeRef xsi:nil="true"/>
  <summaryTemplate xsi:nil="true"/>
  <superCategoryIds>
    <string-list>
      <string>iosxe0syslog</string>
    </string-list>
  </superCategoryIds>
  <vars xsi:nil="true"/>
</com.rocketsoft.nm.mep.EventCategoryData>

    