<?xml version="1.0" encoding = "UTF-8"?>
<com.rocketsoft.nm.mep.EventCategoryData xmlns:xsi="http://www.w3.org/2001/XMLSchema-instance"
                                         xsi:noNamespaceSchemaLocation="../../../../../../schemas/com.rocketsoft.nm.mep.EventCategoryData.xsd">
  <categoryId>
    <string>gprsfltmgGprsservice</string>
  </categoryId>
  <description>
    <string i18nkey="gprsfltmgGprsservice.description">You get this error messages because of one of the following reasons :\n\ 1. Path fail - No echo message is received from the GSN peer \n\ and time out. \n\ 3. GGSN service up - GGSN service starts.\n\ 4. GGSN service down - GGSN service shutdown.\n\ 5. Primary Charging Gateway down - Primary charging gateway is not \n\ reachable or unconfigured.\n\ 6. Primary Charging Gateway up - Primary Charging gateway is up or \n\ its configured .\n\ 7. Secondary Charging Gateway up - Secondary Charging Gateway is up \n\ or its configured.\n\ 8. Secondary Charging Gateway becomes unreachable or unconfigured.</string>
  </description>
  <displayName>
    <string i18nkey="gprsfltmgGprsservice.displayName">GPRSFLTMG GPRS_SERVICE</string>
  </displayName>
  <extraData>
    <com.rocketsoft.nm.mep.FaultCategoryData>
      <clearExpression xsi:nil="true"/>
      <clearMode>
        <string>automatic</string>
      </clearMode>
      <clearNotification xsi:nil="true"/>
      <computedSpecially>
        <boolean>false</boolean>
      </computedSpecially>
      <triggerExpression xsi:nil="true"/>
      <triggerMode>
        <string>automatic</string>
      </triggerMode>
      <triggerNotification>
        <string>TcpInvalidtcb</string>
      </triggerNotification>
    </com.rocketsoft.nm.mep.FaultCategoryData>
  </extraData>
  <identityVars xsi:nil="true"/>
  <locals xsi:nil="true"/>
  <messageTemplate>
    <string i18nkey="gprsfltmgGprsservice.messageTemplate">${sourceName}: ${messageText}</string>
  </messageTemplate>
  <params>
    <com.rocketsoft.nm.mep.param.ParamDef-list>
      <com.rocketsoft.nm.mep.param.ParamDef>
        <constant>
          <boolean>false</boolean>
        </constant>
        <description xsi:nil="true"/>
        <displayName xsi:nil="true"/>
        <name>
          <string>advice</string>
        </name>
        <source xsi:nil="true"/>
        <template xsi:nil="true"/>
        <type xsi:nil="true"/>
        <value>
          <string>Error messages with reasons 36 and 7 are informational.\n\ For error messages with the other reasons contact your technical \n\ supportrepresentative with the error message you got.</string>
        </value>
      </com.rocketsoft.nm.mep.param.ParamDef>
    </com.rocketsoft.nm.mep.param.ParamDef-list>
  </params>
  <scopeRef xsi:nil="true"/>
  <summaryTemplate xsi:nil="true"/>
  <superCategoryIds>
    <string-list>
      <string>iosxe0syslog</string>
    </string-list>
  </superCategoryIds>
  <vars xsi:nil="true"/>
</com.rocketsoft.nm.mep.EventCategoryData>

    