<?xml version="1.0" encoding = "UTF-8"?>
<com.rocketsoft.nm.mep.EventCategoryData xmlns:xsi="http://www.w3.org/2001/XMLSchema-instance"
                                         xsi:noNamespaceSchemaLocation="../../../../../../schemas/com.rocketsoft.nm.mep.EventCategoryData.xsd">
  <categoryId>
    <string>gprsfltmgGtpv1noresource</string>
  </categoryId>
  <description>
    <string i18nkey="gprsfltmgGtpv1noresource.description">Available resources exhausted to continue GGSN service because of\n\ the following reasons :\n\ 1. Number of pending signaling messages reaches limit.\n\ 2. Out of Memory - Insuffient in GGSN.\n\ 3. System failure - Permenant system failure has occured.</string>
  </description>
  <displayName>
    <string i18nkey="gprsfltmgGtpv1noresource.displayName">GPRSFLTMG GTPv1NORESOURCE</string>
  </displayName>
  <extraData>
    <com.rocketsoft.nm.mep.FaultCategoryData>
      <clearExpression xsi:nil="true"/>
      <clearMode>
        <string>automatic</string>
      </clearMode>
      <clearNotification xsi:nil="true"/>
      <computedSpecially>
        <boolean>false</boolean>
      </computedSpecially>
      <triggerExpression xsi:nil="true"/>
      <triggerMode>
        <string>automatic</string>
      </triggerMode>
      <triggerNotification>
        <string>TcpInvalidtcb</string>
      </triggerNotification>
    </com.rocketsoft.nm.mep.FaultCategoryData>
  </extraData>
  <identityVars xsi:nil="true"/>
  <locals xsi:nil="true"/>
  <messageTemplate>
    <string i18nkey="gprsfltmgGtpv1noresource.messageTemplate">${sourceName}: ${messageText}</string>
  </messageTemplate>
  <params>
    <com.rocketsoft.nm.mep.param.ParamDef-list>
      <com.rocketsoft.nm.mep.param.ParamDef>
        <constant>
          <boolean>false</boolean>
        </constant>
        <description xsi:nil="true"/>
        <displayName xsi:nil="true"/>
        <name>
          <string>advice</string>
        </name>
        <source xsi:nil="true"/>
        <template xsi:nil="true"/>
        <type xsi:nil="true"/>
        <value>
          <string>1. Check whether you can increase number of PDP that can be handled\n\ by GGSN.\n\ If the problem recurs contact your technical support representative\n\ with the error message you got and with the output of\n\ 'show gprs gtp status'.</string>
        </value>
      </com.rocketsoft.nm.mep.param.ParamDef>
    </com.rocketsoft.nm.mep.param.ParamDef-list>
  </params>
  <scopeRef xsi:nil="true"/>
  <summaryTemplate xsi:nil="true"/>
  <superCategoryIds>
    <string-list>
      <string>iosxe0syslog</string>
    </string-list>
  </superCategoryIds>
  <vars xsi:nil="true"/>
</com.rocketsoft.nm.mep.EventCategoryData>

    