<?xml version="1.0" encoding = "UTF-8"?>
<com.rocketsoft.nm.mep.EventCategoryData xmlns:xsi="http://www.w3.org/2001/XMLSchema-instance"
                                         xsi:noNamespaceSchemaLocation="../../../../../../schemas/com.rocketsoft.nm.mep.EventCategoryData.xsd">
  <categoryId>
    <string>gtpPacketparsingerror</string>
  </categoryId>
  <description>
    <string i18nkey="gtpPacketparsingerror.description">A PDP context activation failed at the packet parsing state for one\n\ of the following reasons:\n\ 1. Mandatory IE is missing in the PDP .\n\ 2. Mandatory IE incorrect - Mandatory IE has invalid range of value.\n\ 3. Mandatory IE out of sequence - The Mandatory IEs are not in sequence.\n\ 4. Invalid message format.\n\ 5. Optional IE incorrect - Optional IE present in the packet has\n\ invalid range of value.\n\ 6. Version not support - The GGSN Node does not support the GTP\n\ version recieved.\n\ 7. Non-charging msg in charging path.\n\ 8. Charging msg in GTP path.\n\ 9. Unknown GTP message.\n\ 10.Message too short - GTP message received is too short to contain\n\ all expected inform IE.\n\ 11.Unexpected message seen.</string>
  </description>
  <displayName>
    <string i18nkey="gtpPacketparsingerror.displayName">GTP PACKETPARSINGERROR</string>
  </displayName>
  <extraData>
    <com.rocketsoft.nm.mep.FaultCategoryData>
      <clearExpression xsi:nil="true"/>
      <clearMode>
        <string>automatic</string>
      </clearMode>
      <clearNotification xsi:nil="true"/>
      <computedSpecially>
        <boolean>false</boolean>
      </computedSpecially>
      <triggerExpression xsi:nil="true"/>
      <triggerMode>
        <string>automatic</string>
      </triggerMode>
      <triggerNotification>
        <string>TcpInvalidtcb</string>
      </triggerNotification>
    </com.rocketsoft.nm.mep.FaultCategoryData>
  </extraData>
  <identityVars xsi:nil="true"/>
  <locals xsi:nil="true"/>
  <messageTemplate>
    <string i18nkey="gtpPacketparsingerror.messageTemplate">${sourceName}: ${messageText}</string>
  </messageTemplate>
  <params>
    <com.rocketsoft.nm.mep.param.ParamDef-list>
      <com.rocketsoft.nm.mep.param.ParamDef>
        <constant>
          <boolean>false</boolean>
        </constant>
        <description xsi:nil="true"/>
        <displayName xsi:nil="true"/>
        <name>
          <string>advice</string>
        </name>
        <source xsi:nil="true"/>
        <template xsi:nil="true"/>
        <type xsi:nil="true"/>
        <value>
          <string>Copy the error message exactly as it appears and report to your\n\ technical support representative.</string>
        </value>
      </com.rocketsoft.nm.mep.param.ParamDef>
    </com.rocketsoft.nm.mep.param.ParamDef-list>
  </params>
  <scopeRef xsi:nil="true"/>
  <summaryTemplate xsi:nil="true"/>
  <superCategoryIds>
    <string-list>
      <string>iosxe0syslog</string>
    </string-list>
  </superCategoryIds>
  <vars xsi:nil="true"/>
</com.rocketsoft.nm.mep.EventCategoryData>

    